<Players currentID="a">
  <Player name="我是专用测试账户" password="05184260" selectedPerk="MM">
    <Perk name="MM" level="0" exp="0">
      <Abilities levelRequired="10" chosen="0" />
      <Abilities levelRequired="20" chosen="0" />
      <Abilities levelRequired="30" chosen="0" />
      <Abilities levelRequired="40" chosen="0" />
      <Abilities levelRequired="50" chosen="0" />
    </Perk>
    <Perk name="MB" level="0" exp="0">
      <Abilities levelRequired="10" chosen="0" />
      <Abilities levelRequired="20" chosen="0" />
      <Abilities levelRequired="30" chosen="0" />
      <Abilities levelRequired="40" chosen="0" />
      <Abilities levelRequired="50" chosen="0" />
    </Perk>
    <Perk name="FR" level="0" exp="0">
      <Abilities levelRequired="10" chosen="0" />
      <Abilities levelRequired="20" chosen="0" />
      <Abilities levelRequired="30" chosen="0" />
      <Abilities levelRequired="40" chosen="0" />
      <Abilities levelRequired="50" chosen="0" />
    </Perk>
    <Perk name="TS" level="0" exp="0">
      <Abilities levelRequired="10" chosen="0" />
      <Abilities levelRequired="20" chosen="0" />
      <Abilities levelRequired="30" chosen="0" />
      <Abilities levelRequired="40" chosen="0" />
      <Abilities levelRequired="50" chosen="0" />
    </Perk>
  </Player>
  <Player name="a" password="0" selectedPerk="MM">
    <Perk name="MM" level="10" exp="19">
      <Abilities levelRequired="10" chosen="1" />
      <Abilities levelRequired="20" chosen="0" />
      <Abilities levelRequired="30" chosen="0" />
      <Abilities levelRequired="40" chosen="0" />
      <Abilities levelRequired="50" chosen="0" />
    </Perk>
    <Perk name="MB" level="0" exp="0">
      <Abilities levelRequired="10" chosen="0" />
      <Abilities levelRequired="20" chosen="0" />
      <Abilities levelRequired="30" chosen="0" />
      <Abilities levelRequired="40" chosen="0" />
      <Abilities levelRequired="50" chosen="0" />
    </Perk>
    <Perk name="FR" level="0" exp="0">
      <Abilities levelRequired="10" chosen="0" />
      <Abilities levelRequired="20" chosen="0" />
      <Abilities levelRequired="30" chosen="0" />
      <Abilities levelRequired="40" chosen="0" />
      <Abilities levelRequired="50" chosen="0" />
    </Perk>
    <Perk name="TS" level="0" exp="0">
      <Abilities levelRequired="10" chosen="0" />
      <Abilities levelRequired="20" chosen="0" />
      <Abilities levelRequired="30" chosen="0" />
      <Abilities levelRequired="40" chosen="0" />
      <Abilities levelRequired="50" chosen="0" />
    </Perk>
  </Player>
  <Player name="我是满级账户" password="88887999" selectedPerk="MM">
    <Perk name="MM" level="50" exp="0">
      <Abilities levelRequired="10" chosen="1" />
      <Abilities levelRequired="20" chosen="1" />
      <Abilities levelRequired="30" chosen="1" />
      <Abilities levelRequired="40" chosen="1" />
      <Abilities levelRequired="50" chosen="1" />
    </Perk>
    <Perk name="MB" level="50" exp="0">
      <Abilities levelRequired="10" chosen="1" />
      <Abilities levelRequired="20" chosen="1" />
      <Abilities levelRequired="30" chosen="1" />
      <Abilities levelRequired="40" chosen="1" />
      <Abilities levelRequired="50" chosen="1" />
    </Perk>
    <Perk name="FR" level="50" exp="0">
      <Abilities levelRequired="10" chosen="1" />
      <Abilities levelRequired="20" chosen="1" />
      <Abilities levelRequired="30" chosen="1" />
      <Abilities levelRequired="40" chosen="1" />
      <Abilities levelRequired="50" chosen="1" />
    </Perk>
    <Perk name="TS" level="50" exp="0">
      <Abilities levelRequired="10" chosen="1" />
      <Abilities levelRequired="20" chosen="1" />
      <Abilities levelRequired="30" chosen="1" />
      <Abilities levelRequired="40" chosen="1" />
      <Abilities levelRequired="50" chosen="1" />
    </Perk>
  </Player>
  <Player name="7" password="4" selectedPerk="0">
    <Perk name="MM" level="0" exp="0">
      <Abilities levelRequired="10" chosen="0" />
      <Abilities levelRequired="20" chosen="0" />
      <Abilities levelRequired="30" chosen="0" />
      <Abilities levelRequired="40" chosen="0" />
      <Abilities levelRequired="50" chosen="0" />
    </Perk>
    <Perk name="MB" level="0" exp="0">
      <Abilities levelRequired="10" chosen="0" />
      <Abilities levelRequired="20" chosen="0" />
      <Abilities levelRequired="30" chosen="0" />
      <Abilities levelRequired="40" chosen="0" />
      <Abilities levelRequired="50" chosen="0" />
    </Perk>
    <Perk name="FR" level="0" exp="0">
      <Abilities levelRequired="10" chosen="0" />
      <Abilities levelRequired="20" chosen="0" />
      <Abilities levelRequired="30" chosen="0" />
      <Abilities levelRequired="40" chosen="0" />
      <Abilities levelRequired="50" chosen="0" />
    </Perk>
    <Perk name="TS" level="0" exp="0">
      <Abilities levelRequired="10" chosen="0" />
      <Abilities levelRequired="20" chosen="0" />
      <Abilities levelRequired="30" chosen="0" />
      <Abilities levelRequired="40" chosen="0" />
      <Abilities levelRequired="50" chosen="0" />
    </Perk>
  </Player>
</Players>